EngineerID,Name,Specialty
E001,Matthew Ray,Backend
E002,Jessica Morales,DevOps
E003,Sophia Hoffman,Data
E004,Melissa White,Backend
E005,Amanda Bowers,Backend
E006,Antonio Johnson,Backend
E007,Mr. Damon Roberts,Data
E008,David Jones,Frontend
E009,Kelly Wagner,Frontend
E010,Rita Hill,DevOps
E011,Amy Johnson,DevOps
E012,Philip Weber,Data
E013,Amanda Garza,Backend
E014,Pamela Barnes,Mobile
E015,Pamela Mccullough,DevOps
E016,Kristen Brown,Mobile
E017,William Cooke,Backend
E018,Amy Greene,Frontend
E019,Craig Jones,Data
E020,Michael Murphy,Mobile
E021,Sara Parks,Data
E022,Rachael Burns,Mobile
E023,Jill Williams,Mobile
E024,Elizabeth Pierce,Frontend
E025,James Perez,Frontend
