Tag,Description
Tag_1,Minimalist
Tag_2,Playful
Tag_3,Professional
Tag_4,Guided
Tag_5,Conversational
Tag_6,Gamified
Tag_7,Accessible
Tag_8,Dark mode
Tag_9,Clean layout
Tag_10,High contrast
Tag_11,Bold visuals
Tag_12,Microinteractions
Tag_13,Progress tracking
Tag_14,Real-time feedback
Tag_15,Tutorial mode
Tag_16,Visual storytelling
Tag_17,Responsive design
Tag_18,Animations
Tag_19,Color-coded sections
Tag_20,Custom avatars
Tag_21,Personalized tips
Tag_22,Keyboard navigation
Tag_23,Search bar
Tag_24,Quick tips
Tag_25,Sticky headers
Tag_26,Tooltip guides
Tag_27,Content pacing
Tag_28,Voice control
Tag_29,Language toggle
Tag_30,Mobile first
Tag_31,Light mode
Tag_32,Large text
Tag_33,Progress bars
Tag_34,Interactive elements
Tag_35,Drag and drop
Tag_36,Video integration
Tag_37,Infographic cards
Tag_38,Module locking
Tag_39,Reminder nudges
Tag_40,Avatar reactions
Tag_41,Survey prompts
Tag_42,Highlight boxes
Tag_43,Time-based unlocks
Tag_44,Compact mode
Tag_45,Expandable menus
Tag_46,Help button
Tag_47,Onboarding wizard
Tag_48,End-of-lesson recap
Tag_49,Emoji feedback
Tag_50,User rating
